{"cameraMode":{"drawMode":0,"name":"Shaded","section":"Shading Mode"},"sceneLighting":false,"audioPlay":false,"sceneViewState":{"m_AlwaysRefresh":false,"showFog":true,"showSkybox":false,"showFlares":true,"showImageEffects":true,"showParticleSystems":true,"showVisualEffectGraphs":true,"m_FxEnabled":true},"in2DMode":false,"pivot":{"x":28.573715209960939,"y":-2.8750932216644289,"z":-9.266511917114258},"rotation":{"x":0.15396979451179505,"y":0.39003798365592959,"z":-0.06610545516014099,"w":0.9057179689407349},"size":12.067217826843262,"orthographic":false}