{"cameraMode":{"drawMode":0,"name":"Shaded","section":"Shading Mode"},"sceneLighting":true,"audioPlay":false,"sceneViewState":{"m_AlwaysRefresh":false,"showFog":true,"showSkybox":false,"showFlares":true,"showImageEffects":true,"showParticleSystems":true,"showVisualEffectGraphs":true,"m_FxEnabled":true},"in2DMode":false,"pivot":{"x":6.088336944580078,"y":1.720250129699707,"z":-3.9839372634887697},"rotation":{"x":0.014820057898759842,"y":-0.9715542197227478,"z":0.06615010648965836,"w":0.22860442101955415},"size":2.480041027069092,"orthographic":false}