{"cameraMode":{"drawMode":0,"name":"Shaded","section":"Shading Mode"},"sceneLighting":true,"audioPlay":false,"sceneViewState":{"m_AlwaysRefresh":false,"showFog":true,"showSkybox":false,"showFlares":true,"showImageEffects":true,"showParticleSystems":true,"showVisualEffectGraphs":true,"m_FxEnabled":true},"in2DMode":false,"pivot":{"x":13.892685890197754,"y":1.9674205780029297,"z":3.1699111461639406},"rotation":{"x":-0.11834512650966644,"y":0.8783861994743347,"z":-0.3617739677429199,"w":-0.29050639271736147},"size":1.1254360675811768,"orthographic":false}