{"cameraMode":{"drawMode":0,"name":"Shaded","section":"Shading Mode"},"sceneLighting":true,"audioPlay":false,"sceneViewState":{"m_AlwaysRefresh":false,"showFog":true,"showSkybox":true,"showFlares":true,"showImageEffects":true,"showParticleSystems":true,"showVisualEffectGraphs":true,"m_FxEnabled":true},"in2DMode":false,"pivot":{"x":61.51164627075195,"y":22.882949829101564,"z":475.5151672363281},"rotation":{"x":0.024576472118496896,"y":0.9592100381851196,"z":-0.10914545506238938,"w":0.2628842294216156},"size":3.640900135040283,"orthographic":false}