{"cameraMode":{"drawMode":0,"name":"Shaded","section":"Shading Mode"},"sceneLighting":true,"audioPlay":false,"sceneViewState":{"m_AlwaysRefresh":false,"showFog":true,"showSkybox":false,"showFlares":true,"showImageEffects":true,"showParticleSystems":true,"showVisualEffectGraphs":true,"m_FxEnabled":true},"in2DMode":false,"pivot":{"x":25.513504028320314,"y":-15.027339935302735,"z":-16.246204376220704},"rotation":{"x":-0.1384306252002716,"y":-0.8578234314918518,"z":0.29820480942726138,"w":-0.39638110995292666},"size":19.414060592651368,"orthographic":false}