{"cameraMode":{"drawMode":0,"name":"Shaded","section":"Shading Mode"},"sceneLighting":true,"audioPlay":false,"sceneViewState":{"m_AlwaysRefresh":false,"showFog":true,"showSkybox":false,"showFlares":true,"showImageEffects":true,"showParticleSystems":true,"showVisualEffectGraphs":true,"m_FxEnabled":true},"in2DMode":false,"pivot":{"x":10.491622924804688,"y":2.28611421585083,"z":1.147722840309143},"rotation":{"x":0.014992810785770417,"y":0.9821456074714661,"z":-0.17286410927772523,"w":0.07861188054084778},"size":2.3652868270874025,"orthographic":false}