{"cameraMode":{"drawMode":0,"name":"Shaded","section":"Shading Mode"},"sceneLighting":true,"audioPlay":false,"sceneViewState":{"m_AlwaysRefresh":false,"showFog":true,"showSkybox":true,"showFlares":true,"showImageEffects":true,"showParticleSystems":true,"showVisualEffectGraphs":true,"m_FxEnabled":true},"in2DMode":false,"pivot":{"x":61.437828063964847,"y":0.6881517767906189,"z":455.82891845703127},"rotation":{"x":-0.1527024507522583,"y":0.26800307631492617,"z":-0.04307355359196663,"w":-0.9504636526107788},"size":12.833935737609864,"orthographic":false}