{"cameraMode":{"drawMode":0,"name":"Shaded","section":"Shading Mode"},"sceneLighting":true,"audioPlay":false,"sceneViewState":{"m_AlwaysRefresh":false,"showFog":true,"showSkybox":false,"showFlares":true,"showImageEffects":true,"showParticleSystems":true,"showVisualEffectGraphs":true,"m_FxEnabled":true},"in2DMode":false,"pivot":{"x":13.234505653381348,"y":-0.46873414516448977,"z":-3.323439598083496},"rotation":{"x":-0.026093220338225366,"y":0.9648036956787109,"z":-0.2395838350057602,"w":-0.10835567861795426},"size":4.840301036834717,"orthographic":false}