{"cameraMode":{"drawMode":0,"name":"Shaded","section":"Shading Mode"},"sceneLighting":false,"audioPlay":false,"sceneViewState":{"m_AlwaysRefresh":false,"showFog":true,"showSkybox":false,"showFlares":true,"showImageEffects":true,"showParticleSystems":true,"showVisualEffectGraphs":true,"m_FxEnabled":true},"in2DMode":false,"pivot":{"x":8.660602569580079,"y":2.06080961227417,"z":10.753820419311524},"rotation":{"x":0.020382003858685495,"y":-0.44109174609184267,"z":0.010241384617984295,"w":0.897299587726593},"size":1.5992989540100098,"orthographic":false}