{"cameraMode":{"drawMode":0,"name":"Shaded","section":"Shading Mode"},"sceneLighting":true,"audioPlay":false,"sceneViewState":{"m_AlwaysRefresh":false,"showFog":true,"showSkybox":true,"showFlares":true,"showImageEffects":true,"showParticleSystems":true,"showVisualEffectGraphs":true,"m_FxEnabled":true},"in2DMode":false,"pivot":{"x":68.94591522216797,"y":9.949645042419434,"z":-88.16827392578125},"rotation":{"x":-0.031240081414580346,"y":0.21933600306510926,"z":-0.0060761719942092899,"w":-0.9755628705024719},"size":6.311828136444092,"orthographic":false}