{"cameraMode":{"drawMode":0,"name":"Shaded","section":"Shading Mode"},"sceneLighting":true,"audioPlay":false,"sceneViewState":{"m_AlwaysRefresh":false,"showFog":true,"showSkybox":false,"showFlares":true,"showImageEffects":true,"showParticleSystems":true,"showVisualEffectGraphs":true,"m_FxEnabled":true},"in2DMode":false,"pivot":{"x":18.6790714263916,"y":3.7164366245269777,"z":11.422212600708008},"rotation":{"x":-0.013208676129579544,"y":0.9667503237724304,"z":-0.053264424204826358,"w":-0.25016990303993227},"size":5.14918327331543,"orthographic":false}