{"cameraMode":{"drawMode":0,"name":"Shaded","section":"Shading Mode"},"sceneLighting":false,"audioPlay":false,"sceneViewState":{"m_AlwaysRefresh":false,"showFog":true,"showSkybox":false,"showFlares":true,"showImageEffects":true,"showParticleSystems":true,"showVisualEffectGraphs":true,"m_FxEnabled":false},"in2DMode":false,"pivot":{"x":0.7314940094947815,"y":0.14083801209926606,"z":0.11262992769479752},"rotation":{"x":-0.07637544721364975,"y":0.9212847352027893,"z":-0.2301076352596283,"w":-0.30521130561828616},"size":2.8744516372680666,"orthographic":false}