{"cameraMode":{"drawMode":0,"name":"Shaded","section":"Shading Mode"},"sceneLighting":false,"audioPlay":false,"sceneViewState":{"m_AlwaysRefresh":false,"showFog":true,"showSkybox":false,"showFlares":true,"showImageEffects":true,"showParticleSystems":true,"showVisualEffectGraphs":true,"m_FxEnabled":false},"in2DMode":false,"pivot":{"x":0.48268651962280276,"y":0.5558919906616211,"z":-0.19759821891784669},"rotation":{"x":0.3198864758014679,"y":-0.2765713930130005,"z":0.09730656445026398,"w":0.901327908039093},"size":2.8025195598602297,"orthographic":false}