{"cameraMode":{"drawMode":0,"name":"Shaded","section":"Shading Mode"},"sceneLighting":false,"audioPlay":false,"sceneViewState":{"m_AlwaysRefresh":false,"showFog":false,"showSkybox":false,"showFlares":false,"showImageEffects":false,"showParticleSystems":false,"showVisualEffectGraphs":true,"m_FxEnabled":true},"in2DMode":false,"pivot":{"x":27.91739845275879,"y":-4.557035446166992,"z":5.275997161865234},"rotation":{"x":0.005496191792190075,"y":0.6331157088279724,"z":-0.0032549805473536255,"w":0.7746008634567261},"size":18.231510162353517,"orthographic":false}