{"cameraMode":{"drawMode":0,"name":"Shaded","section":"Shading Mode"},"sceneLighting":false,"audioPlay":false,"sceneViewState":{"m_AlwaysRefresh":false,"showFog":true,"showSkybox":false,"showFlares":true,"showImageEffects":true,"showParticleSystems":true,"showVisualEffectGraphs":true,"m_FxEnabled":true},"in2DMode":false,"pivot":{"x":-0.10316482186317444,"y":-1.249190092086792,"z":-0.3268374502658844},"rotation":{"x":0.02093183994293213,"y":-0.9790529608726502,"z":0.14827612042427064,"w":0.1380719542503357},"size":1.5992997884750367,"orthographic":false}