{"cameraMode":{"drawMode":0,"name":"Shaded","section":"Shading Mode"},"sceneLighting":false,"audioPlay":false,"sceneViewState":{"m_AlwaysRefresh":false,"showFog":true,"showSkybox":false,"showFlares":true,"showImageEffects":true,"showParticleSystems":true,"showVisualEffectGraphs":true,"m_FxEnabled":true},"in2DMode":false,"pivot":{"x":-0.6520640850067139,"y":3.8244147300720217,"z":1.4347223043441773},"rotation":{"x":0.00013428443344309926,"y":-0.9103569388389587,"z":0.41511300206184389,"w":0.006489723455160856},"size":3.3380658626556398,"orthographic":false}