{"cameraMode":{"drawMode":0,"name":"Shaded","section":"Shading Mode"},"sceneLighting":false,"audioPlay":false,"sceneViewState":{"m_AlwaysRefresh":false,"showFog":false,"showSkybox":false,"showFlares":false,"showImageEffects":false,"showParticleSystems":false,"showVisualEffectGraphs":true,"m_FxEnabled":true},"in2DMode":false,"pivot":{"x":-0.10498112440109253,"y":0.7355867624282837,"z":0.04486694931983948},"rotation":{"x":0.23149174451828004,"y":0.7363553047180176,"z":-0.5579045414924622,"w":0.305843323469162},"size":1.0908819437026978,"orthographic":false}