{"cameraMode":{"drawMode":0,"name":"Shaded","section":"Shading Mode"},"sceneLighting":false,"audioPlay":false,"sceneViewState":{"m_AlwaysRefresh":false,"showFog":true,"showSkybox":false,"showFlares":true,"showImageEffects":true,"showParticleSystems":true,"showVisualEffectGraphs":true,"m_FxEnabled":true},"in2DMode":false,"pivot":{"x":1.1083403825759888,"y":1.5606706142425538,"z":-0.41254496574401858},"rotation":{"x":0.198346808552742,"y":-0.03810223564505577,"z":0.010097772814333439,"w":0.9799054861068726},"size":2.079508066177368,"orthographic":false}