{"cameraMode":{"drawMode":0,"name":"Shaded","section":"Shading Mode"},"sceneLighting":false,"audioPlay":false,"sceneViewState":{"m_AlwaysRefresh":false,"showFog":true,"showSkybox":false,"showFlares":true,"showImageEffects":true,"showParticleSystems":true,"showVisualEffectGraphs":true,"m_FxEnabled":false},"in2DMode":false,"pivot":{"x":-0.7614643573760986,"y":1.4782888889312745,"z":0.8381751775741577},"rotation":{"x":0.07225411385297775,"y":0.9280591011047363,"z":-0.25866270065307619,"w":0.25940272212028506},"size":0.9746972918510437,"orthographic":false}