{"cameraMode":{"drawMode":0,"name":"Shaded","section":"Shading Mode"},"sceneLighting":false,"audioPlay":false,"sceneViewState":{"m_AlwaysRefresh":false,"showFog":false,"showSkybox":false,"showFlares":false,"showImageEffects":false,"showParticleSystems":false,"showVisualEffectGraphs":true,"m_FxEnabled":true},"in2DMode":false,"pivot":{"x":0.10693944990634918,"y":0.7417814135551453,"z":0.05091983079910278},"rotation":{"x":-0.0063002570532262329,"y":0.7853772640228272,"z":-0.6194247007369995,"w":-0.007723342161625624},"size":1.0687037706375123,"orthographic":false}