{"cameraMode":{"drawMode":0,"name":"Shaded","section":"Shading Mode"},"sceneLighting":false,"audioPlay":false,"sceneViewState":{"m_AlwaysRefresh":false,"showFog":false,"showSkybox":false,"showFlares":false,"showImageEffects":false,"showParticleSystems":false,"showVisualEffectGraphs":true,"m_FxEnabled":true},"in2DMode":false,"pivot":{"x":-0.024742424488067628,"y":1.6786211729049683,"z":-0.19802045822143556},"rotation":{"x":-0.015045898966491223,"y":0.9716252088546753,"z":-0.06763201206922531,"w":-0.22769828140735627},"size":0.3076849579811096,"orthographic":false}