{"cameraMode":{"drawMode":0,"name":"Shaded","section":"Shading Mode"},"sceneLighting":false,"audioPlay":false,"sceneViewState":{"m_AlwaysRefresh":false,"showFog":true,"showSkybox":false,"showFlares":true,"showImageEffects":true,"showParticleSystems":true,"showVisualEffectGraphs":true,"m_FxEnabled":true},"in2DMode":false,"pivot":{"x":-55.40882873535156,"y":-2.017462730407715,"z":-27.783491134643556},"rotation":{"x":0.030849147588014604,"y":0.8975104689598084,"z":-0.06333442777395249,"w":0.43551409244537356},"size":3.6651370525360109,"orthographic":false}