{"cameraMode":{"drawMode":0,"name":"Shaded","section":"Shading Mode"},"sceneLighting":false,"audioPlay":false,"sceneViewState":{"m_AlwaysRefresh":false,"showFog":true,"showSkybox":false,"showFlares":true,"showImageEffects":true,"showParticleSystems":true,"showVisualEffectGraphs":true,"m_FxEnabled":true},"in2DMode":false,"pivot":{"x":-58.390472412109378,"y":-2.8002243041992189,"z":-12.566205024719239},"rotation":{"x":-0.20650304853916169,"y":0.7109091877937317,"z":-0.23290523886680604,"w":-0.6307839155197144},"size":1.5993000268936158,"orthographic":false}