{"cameraMode":{"drawMode":0,"name":"Shaded","section":"Shading Mode"},"sceneLighting":false,"audioPlay":false,"sceneViewState":{"m_AlwaysRefresh":false,"showFog":false,"showSkybox":false,"showFlares":false,"showImageEffects":false,"showParticleSystems":false,"showVisualEffectGraphs":true,"m_FxEnabled":true},"in2DMode":false,"pivot":{"x":0.12472759932279587,"y":2.023138999938965,"z":-0.11317089945077896},"rotation":{"x":0.011036201380193234,"y":0.9886899590492249,"z":-0.09104639291763306,"w":0.12127024680376053},"size":0.8479743599891663,"orthographic":false}