{"cameraMode":{"drawMode":0,"name":"Shaded","section":"Shading Mode"},"sceneLighting":false,"audioPlay":false,"sceneViewState":{"m_AlwaysRefresh":false,"showFog":true,"showSkybox":false,"showFlares":true,"showImageEffects":true,"showParticleSystems":true,"showVisualEffectGraphs":true,"m_FxEnabled":true},"in2DMode":false,"pivot":{"x":34.23743438720703,"y":11.356319427490235,"z":7.67594051361084},"rotation":{"x":-0.24547867476940156,"y":-0.14602923393249513,"z":0.037280891090631488,"w":-0.9581677913665772},"size":2.7487549781799318,"orthographic":false}